username,password
user_1,password_1
user_2,password_2
user_3,password_3
user_4,password_4
user_5,password_5
user_6,password_6
user_7,password_7
user_8,password_8
user_9,password_9
user_10,password_10
user_11,password_11
user_12,password_12
user_13,password_13
user_14,password_14
user_15,password_15
user_16,password_16
user_17,password_17
user_18,password_18
user_19,password_19
user_20,password_20
user_21,password_21
user_22,password_22
user_23,password_23
user_24,password_24
user_25,password_25
user_26,password_26
user_27,password_27
user_28,password_28
user_29,password_29
user_30,password_30
user_31,password_31
user_32,password_32
user_33,password_33
user_34,password_34
user_35,password_35
user_36,password_36
user_37,password_37
user_38,password_38
user_39,password_39
user_40,password_40
user_41,password_41
user_42,password_42
user_43,password_43
user_44,password_44
user_45,password_45
user_46,password_46
user_47,password_47
user_48,password_48
user_49,password_49
user_50,password_50
user_51,password_51
user_52,password_52
user_53,password_53
user_54,password_54
user_55,password_55
user_56,password_56
user_57,password_57
user_58,password_58
user_59,password_59
user_60,password_60
user_61,password_61
user_62,password_62
user_63,password_63
user_64,password_64
user_65,password_65
user_66,password_66
user_67,password_67
user_68,password_68
user_69,password_69
user_70,password_70
user_71,password_71
user_72,password_72
user_73,password_73
user_74,password_74
user_75,password_75
user_76,password_76
user_77,password_77
user_78,password_78
user_79,password_79
user_80,password_80
user_81,password_81
user_82,password_82
user_83,password_83
user_84,password_84
user_85,password_85
user_86,password_86
user_87,password_87
user_88,password_88
user_89,password_89
user_90,password_90
user_91,password_91
user_92,password_92
user_93,password_93
user_94,password_94
user_95,password_95
user_96,password_96
user_97,password_97
user_98,password_98
user_99,password_99
user_100,password_100
